{
    "1": {
        "name" : "Бункер",
        "genre": "Шутер",
        "count": "4-16",
        "age": "18+",
        "text": "1 1 1 1 1 1 1 1 1 1 1 1 1 1 1 1 1 1 1 1 1 1 1 1 1 1 1 1 1 1 1 1 1 1 1 1 1 1 1 1 1 1 1 1 1 1 1 1 1 1 1 1 1 1 1 1 1 1 1 1 1 1 1 1 1 1 1 1 1 1 1 1 1 1 1 1 1 1 1 1 1 1 1 1 1 1 1 1 1 1 1 1 1 1 1 1 1 1 1 1 1 1 1 1 1 1 1 1 1 1 1 1 1 1 1 1 1 1 1 1 1 1 1 1 1 1 1 1 1 1 1 1 1 1 1 1 1 1 1 1 1 11 1 1 1 1 1 1 1 1 1 1 1 1 1 1 1 1 1 1 1 1 1 1 1 1 1 1 1 1 1 1 1 1 1 1 1 1 1 1 1 1 1 1 1 1 1 1 1 1 1 1 1 1 1 1 1 1 1 1 1 1 1 1 1 1 1 1 1 1 1 11 1 1 1 1 1 1 1 1 1 1 1 1 1 1 1 1 1 1 1 1 1 1 1 1 1 1 1 1 1 1 1 1 1 1 1 1 1 1 1 1 1 1 1 1 1 1 1 1 1 1 1 1 1 1 1 1 1 1 1 1 1 1 1 1 1 1 1 1 1 1 1 1 1 1 1 1 1 1 1 1 1 1 1 1 1 1 1 1 1 1 1 1 1 1 1 1 1 1 1 1 1 1",
        "gallery": {
            "video": {
                "1": "alyx.mp4",
                "2": "alyx.mp4"
            },
            "images":{
                "1": "1.jpg",
                "2": "2.jpg",
                "3": "3.jpg",
                "4": "4.jpg"
            }
        }
    },
    "2": {
        "name" : "Монополия",
        "genre": "Стратегия",
        "count": "2-6",
        "age": "6+",
        "text": "2 ",
        "gallery": {
            "video": {
                "1": "",
                "2": ""
            },
            "images":{
                "1": "",
                "2": ""
            }
        }
    },
    "3": {
        "name" : "Codenames",
        "genre": "Командная",
        "count": "2-8",
        "age": "14+",
        "text": "3 ",
        "gallery": {
            "video": {
                "1": "",
                "2": ""
            },
            "images":{
                "1": "",
                "2": ""
            }
        }
    },
    "4": {
        "name" : "Манчкин",
        "genre": "Ролевая",
        "count": "2-6",
        "age": "12+",
        "text": "4 ",
        "gallery": {
            "video": {
                "1": "",
                "2": ""
            },
            "images":{
                "1": "",
                "2": ""
            }
        }
    },
    "5": {
        "name" : "Неудержимые единорожки",
        "genre": "Ролевая",
        "count": "4-16",
        "age": "18+",
        "text": "1 ",
        "gallery": {
            "video": {
                "1": "",
                "2": ""
            },
            "images":{
                "1": "",
                "2": ""
            }
        }
    },
    "6": {
        "name" : "Игра престолов",
        "genre": "Стратегия",
        "count": "2-8",
        "age": "18+",
        "text": "1 ",
        "gallery": {
            "video": {
                "1": "",
                "2": ""
            },
            "images":{
                "1": "",
                "2": ""
            }
        }
    },
    "7": {
        "name" : "Jenga",
        "genre": "Пирамиды",
        "count": "2+",
        "age": "4+",
        "text": "1 ",
        "gallery": {
            "video": {
                "1": "",
                "2": ""
            },
            "images":{
                "1": "",
                "2": ""
            }
        }
    },
    "8": {
        "name" : "Гвинт",
        "genre": "Карточная",
        "count": "2",
        "age": "12+",
        "text": "1 ",
        "gallery": {
            "video": {
                "1": "",
                "2": ""
            },
            "images":{
                "1": "",
                "2": ""
            }
        }
    }
}