{
    "1": {
        "name" : "Half-life Alyx",
        "genre": "Шутер",
        "count": "1",
        "age": "12+",
        "text": "1 1 1 1 1 1 1 1 1 1 1 1 1 1 1 1 1 1 1 1 1 1 1 1 1 1 1 1 1 1 1 1 1 1 1 1 1 1 1 1 1 1 1 1 1 1 1 1 1 1 1 1 1 1 1 1 1 1 1 1 1 1 1 1 1 1 1 1 1 1 1 1 1 1 1 1 1 1 1 1 1 1 1 1 1 1 1 1 1 1 1 1 1 1 1 1 1 1 1 1 1 1 1 1 1 1 1 1 1 1 1 1 1 1 1 1 1 1 1 1 1 1 1 1 1 1 1 1 1 1 1 1 1 1 1 1 1 1 1 1 1 11 1 1 1 1 1 1 1 1 1 1 1 1 1 1 1 1 1 1 1 1 1 1 1 1 1 1 1 1 1 1 1 1 1 1 1 1 1 1 1 1 1 1 1 1 1 1 1 1 1 1 1 1 1 1 1 1 1 1 1 1 1 1 1 1 1 1 1 1 1 11 1 1 1 1 1 1 1 1 1 1 1 1 1 1 1 1 1 1 1 1 1 1 1 1 1 1 1 1 1 1 1 1 1 1 1 1 1 1 1 1 1 1 1 1 1 1 1 1 1 1 1 1 1 1 1 1 1 1 1 1 1 1 1 1 1 1 1 1 1 1 1 1 1 1 1 1 1 1 1 1 1 1 1 1 1 1 1 1 1 1 1 1 1 1 1 1 1 1 1 1 1 1",
        "gallery": {
            "video": {
                "1": "alyx.mp4",
                "2": "alyx.mp4"
            },
            "images":{
                "1": "1.jpg",
                "2": "2.jpg",
                "3": "3.jpg",
                "4": "4.jpg"
            }
        }
    },
    "2": {
        "name" : "Beat Saber",
        "genre": "Музыкальная",
        "count": "1",
        "age": "12+",
        "text": "2 ",
        "gallery": {
            "video": {
                "1": "",
                "2": ""
            },
            "images":{
                "1": "",
                "2": ""
            }
        }
    },
    "3": {
        "name" : "Boneworks",
        "genre": "Шутер",
        "count": "1-5",
        "age": "16+",
        "text": "3 ",
        "gallery": {
            "video": {
                "1": "",
                "2": ""
            },
            "images":{
                "1": "",
                "2": ""
            }
        }
    },
    "4": {
        "name" : "Pistol Whip",
        "genre": "Шутер",
        "count": "1-5",
        "age": "16+",
        "text": "4 ",
        "gallery": {
            "video": {
                "1": "",
                "2": ""
            },
            "images":{
                "1": "",
                "2": ""
            }
        }
    },
    "5": {
        "name" : "Arizona Sunshine",
        "genre": "Шутер",
        "count": "1-5",
        "age": "12+",
        "text": "1 ",
        "gallery": {
            "video": {
                "1": "",
                "2": ""
            },
            "images":{
                "1": "",
                "2": ""
            }
        }
    },
    "6": {
        "name" : "The Lab",
        "genre": "Экшен",
        "count": "1",
        "age": "12+",
        "text": "1 ",
        "gallery": {
            "video": {
                "1": "",
                "2": ""
            },
            "images":{
                "1": "",
                "2": ""
            }
        }
    },
    "7": {
        "name" : "Pavlov VR",
        "genre": "Экшен",
        "count": "1",
        "age": "12+",
        "text": "1 ",
        "gallery": {
            "video": {
                "1": "",
                "2": ""
            },
            "images":{
                "1": "",
                "2": ""
            }
        }
    },
    "8": {
        "name" : "No Man’s Sky",
        "genre": "Приключения",
        "count": "1-5",
        "age": "12+",
        "text": "1 ",
        "gallery": {
            "video": {
                "1": "",
                "2": ""
            },
            "images":{
                "1": "",
                "2": ""
            }
        }
    },
    "9": {
        "name" : "Бункер",
        "genre": "Ролевая",
        "count": "4-16",
        "age": "18+",
        "text": "1 ",
        "gallery": {
            "video": {
                "1": "",
                "2": ""
            },
            "images":{
                "1": "",
                "2": ""
            }
        }
    },
    "10": {
        "name" : "Монополия",
        "genre": "Стратегия",
        "count": "2-6",
        "age": "6+",
        "text": "1 ",
        "gallery": {
            "video": {
                "1": "",
                "2": ""
            },
            "images":{
                "1": "",
                "2": ""
            }
        }
    }
}